first_name,last_name,email,password
Pramod,Begur Nagaraj,pramodbn27@gmail.com,pramod123
Aditya,Sawant,sawant.adit@northeastern.edu,aditya123
Nagendra,Babu Shakamuri,shakamuri.n@northeastern.edu,nagendra123
Raushan,Kumar Jha,jha.rau@northeastern.edu,raushan123
Rishab,Rajesh Agarwal,agarwal.risha@northeastern.edu,rishab123
Sai,Deepak Dogiparthi,dogiparthi.sai@northeastern.edu,sai123
Shikha,Singh,singh.shikha@northeastern.edu,shikha123
Souvik,Dinda,dinda.s@northeastern.edu,souvik123
